Barcode,Specificity,Reactivity,Barcode_Sequence,Clone,name,RNA
212,CD24,Mouse,TATATCTTTGCCGCA,M1/69,CD24_TotalA,Cd24a
97,CD25,Mouse,ACCATGAGACACAGT,PC61,CD25_TotalA,Il2ra
112,CD62L,Mouse,TGGGCCTAAGTCATC,MEL-14,CD62L_TotalA,Sell
117,I-A/I-E,Mouse,GGTCACCAGTATGAT,M5/114.15.2,I-A_I-E_TotalA,H2-Aa
74,CD54,Mouse,ATAACCGACACAGTG,YN1/1.7.4,CD54_TotalA,Icam1
562,CD83,Mouse,TCTCAGGCTTCCTAG,Michel-19,CD83_TotalA,Cd83
558,CD55 (DAF),Mouse,ATTGTTGTCAGACCA,RIKO-3,CD55_(DAF)_TotalA,Cd55
209,TCR Vg1.1/Cr4,Mouse,TCGTTTAACCAGCCT,2.11,TCR_Vg1.1_Cr4_TotalA,Tcrg-v1
380,rat CD90/mouse CD90.1,"Mouse, Rat",AGTATGGGATGCAAT,OX-7,rat_CD90_mouse_CD90.1_TotalA,Thy1
560,CD68,Mouse,CTTTCTTTCACGGGA,FA-11,CD68_TotalA,Cd68
75,CD90.2,Mouse,CCGATCAGCCGTTTA,30-H12,CD90.2_TotalA,Thy1
563,CX3CR1,Mouse,CACTCTCAGTCCTAT,SA011F11,CX3CR1_TotalA,Cx3cr1
122,TER-119/Erythroid Cells,Mouse,GCGCGTTTGTGCTAT,TER-119,TER-119_Erythroid_Cells_TotalA,Ly76
3,CD366 (Tim-3),Mouse,ATTGGCACTCAGATG,RMT3-23,CD366_(Tim-3)_TotalA,Havcr2
230,CD8b (Ly-3),Mouse,TTCCCTCTATGGAGC,YTS156.7.7,CD8b_(Ly-3)_TotalA,Cd8b1
448,CD204 (Scavenger R1),Mouse,AGCTAGACACGTTGT,1F8C33,CD204_(Scavenger_R1)_TotalA,Msr1
1,CD4,Mouse,AACAAGACCCTTGAG,RM4-5,CD4_TotalA,Cd4
111,CD5,Mouse,CAGCTCAGTGTGTTG,53-7.3,CD5_TotalA,Cd5
2,CD8a,Mouse,TACCCGTAATAGCGT,53-6.7,CD8a_TotalA,Cd8a
109,CD16/32,Mouse,TTCGATGCTGGAGCA,93,CD16_32_TotalA,Fcgr3
108,CD23,Mouse,TCTCTTGGAAGATGA,B3B4,CD23_TotalA,Fcer2a
570,CD29,"Mouse, Rat",ACGCATTCCTTGTGT,HM?1-1,CD29_TotalA,Itgb1
557,CD38,Mouse,CGTATCCGTCTCCTA,90,CD38_TotalA,Cd38
96,CD45,Mouse,TGGCTATGGAGCAGA,30-F11,CD45_TotalA,Ptprc
103,CD45R/B220,"Human, Mouse",CCTACACCTCATAAT,RA3-6B2,CD45R_B220_TotalA,Ptprc
78,CD49d,Mouse,CGCTTGGACGCTTAA,R1-2,CD49d_TotalA,Itga4
197,CD69,Mouse,TTGTATTCCGCCATT,H1.2F3,CD69_TotalA,Cd69
200,CD86,Mouse,CTGGATTTGTGTATC,GL-1,CD86_TotalA,Cd86
226,CD106,Mouse,CGTTCCTACCTACCT,429 (MVCAM.A),CD106_TotalA,Vcam1
12,CD117 (c-kit),Mouse,TGCATGTCATCGGTG,2B8,CD117_(c-kit)_TotalA,Kit
118,NK-1.1,Mouse,GTAACATTACTCGTC,PK136,NK-1.1_TotalA,Klrb1
120,TCR b chain,Mouse,TCCTATGGGACTCAG,H57-597,TCR_b_chain_TotalA,Trbc1
178,CD45.1,Mouse,CCTATGGACTTGGAC,A20,CD45.1_TotalA,Ptprc
93,CD19,Mouse,ATCAGCCATGTCAGT,6D5,CD19_TotalA,Cd19
203,CD150 (SLAM),Mouse,CAACGCCTAGAAACC,TC15-12F12.2,CD150_(SLAM)_TotalA,Slamf1
106,CD11c,Mouse,GTTATGGACGCTTGC,N418,CD11c_TotalA,Itgax
121,TCR g/d,Mouse,AACCCAAATAGCTGA,GL3,TCR_g_d_TotalA,Tcrg-C1
114,F4/80,Mouse,TTAACTTCAGCCCGT,BM8,F4_80_TotalA,Adgre1
424,CD14,Mouse,AACCAACAGTCACGT,Sa14-2,CD14_TotalA,Cd14
107,CD21/CD35 (CR2/CR1),Mouse,GGATAATTTCGATCC,7.00E+09,CD21_CD35_(CR2_CR1)_TotalA,Cr2
193,CD357 (GITR),Mouse,GGCACTCTGTAACAT,DTA-1,CD357_(GITR)_TotalA,Tnfrsf18
228,CD183 (CXCR3),Mouse,GTTCACGCCGTGTTA,CXCR3-173,CD183_(CXCR3)_TotalA,Cxcr3
77,CD73,Mouse,ACACTTAACGTCTGG,TY/11.8,CD73_TotalA,Nt5e
13,Ly-6C,Mouse,AAGTCGTGAGGCATG,HK1.4,Ly-6C_TotalA,Ly6c2
119,Siglec H,Mouse,CCGCACCTACATTAG,551,Siglec_H_TotalA,Siglech
115,FceRIa,Mouse,AGTCACCTCGAAGCT,1-Mar,FceRIa_TotalA,Fcer1a
198,CD127 (IL-7Ra),Mouse,GTGTGAGGCACTCTT,A7R34,CD127_(IL-7Ra)_TotalA,Il7r
105,CD115 (CSF-1R),Mouse,TTCCGTTGTTGTGAG,AFS98,CD115_(CSF-1R)_TotalA,Csf1r
596,ESAM,Mouse,TATAGTTTCCGCCGT,1G8/ESAM,ESAM_TotalA,Esam
113,"CD93 (AA4.1, early B lineage)",Mouse,GGTATTTCCTGTGGT,AA4.1,CD93_(AA4.1_early_B_lineage)_TotalA,Cd93
202,CD64 (FcgRI),Mouse,AGCAATTAACGGGAG,X54-5/7.1,CD64_(FcgRI)_TotalA,Fcgr1
552,CD304 (Neuropilin-1),Mouse,CCAGCTCATTCAACG,3.00E+12,CD304_(Neuropilin-1)_TotalA,Nrp1
571,IgD,Mouse,TCATATCCGTTGTCC,11-26c.2a,IgD_TotalA,Ighd
76,CD15 (SSEA-1),"Human, Mouse",GCTAGTTTGTGCTGC,MC-480,CD15_(SSEA-1)_TotalA,Fut4
211,TCR Vg2,Mouse,AAGCTGCACCGTAAT,UC3-10A6,TCR_Vg2_TotalA,Trgv2
225,CD196 (CCR6),Mouse,CTCTCTGCATTCCTC,29-2L17,CD196_(CCR6)_TotalA,Ccr6
231,H-2Kb bound to SIINFEKL,Mouse,CGTTTATGGGATGGG,25-D1.16,H-2Kb_bound_to_SIINFEKL_TotalA,
235,"TCR Vb8.1, 8.2",Mouse,ACTATCCGTTGTGCT,KJ16-133.18,TCR_Vb8.1_8.2_TotalA,Trbv8
249,IRF4,"Human, Mouse",GGATTTGTATCTCCC,IRF4.3E4,IRF4_TotalA,Irf4
376,CD195 (CCR5),Mouse,ACCAGTTGTCATTAC,HM-CCR5,CD195_(CCR5)_TotalA,Ccr5
381,Panendothelial Cell Antigen,Mouse,CGTCCTAGTCATTGG,MECA-32,Panendothelial_Cell_Antigen_TotalA,Plvap
551,CD301a,Mouse,TGTATTTACTCACCG,LOM-8.7,CD301a_TotalA,Clec10a
555,CD36,Mouse,TTTGCCGCTACGACA,HM36,CD36_TotalA,Cd36
556,"CD370 (CLEC9A, DNGR1)",Mouse,AACTCAGTTGTGCCG,7H11,CD370_(CLEC9A_DNGR1)_TotalA,Clec9a
568,XCR1,"Mouse, Rat",TCCATTACCCACGTT,ZET,XCR1_TotalA,Xcr1
354,"TCR Vb5.1, 5.2",Mouse,CTCAACAGTATTCTG,MR9-4,TCR_Vb5.1_5.2_TotalA,Trbv5
449,CD326 (Ep-CAM),Mouse,ACCCGCGTTAGTATG,G8.8,CD326_(Ep-CAM)_TotalA,Epcam
429,CD48,Mouse,AGAACCGCCGTAGTT,HM48-1,CD48_TotalA,Cd48
104,CD102,Mouse,GATATTCAGTGCGAC,3C4 (MIC2/4),CD102_TotalA,Icam2
194,CD137,Mouse,TCCCTGTATAGATGA,17B5,CD137_TotalA,Tnfrsf9
130,Ly-6A/E (Sca-1),Mouse,TTCCTTTCCTACGCA,D7,Ly-6A_E_(Sca-1)_TotalA,Ly6a
79,CD200 (OX2),Mouse,TCAATTCCGGTAGTC,OX-90,CD200_(OX2)_TotalA,Cd200
98,CD135,Mouse,GTAGCAAGATTCAAG,A2F10,CD135_TotalA,Flt3
110,CD43,Mouse,TTGGAGGGTTGTGCT,S11,CD43_TotalA,Spn
70,CD49f,"Human, Mouse",TTCCGAGGATGATCT,GoH3,CD49f_TotalA,Itga6
214,integrin b7,"Human, Mouse",TCCTTGGATGTACCG,FIB504,integrin_b7_TotalA,Itgb7
157,CD45.2,Mouse,CACCGTCATTCAACC,104,CD45.2_TotalA,Ptprc
561,CD79b (Igb),Mouse,TAACTCAGTGCGAGT,HM79-12,CD79b_(Igb)_TotalA,Cd79b
559,CD63,Mouse,ATCCGACACGTATTA,NVG-2,CD63_TotalA,Cd63
232,MAdCAM-1,Mouse,TTGGGCGATTAAGAA,MECA-367,MAdCAM-1_TotalA,Madcam1
229,CD62P (P-selectin),"Mouse, Rat",TGTGTGCCGTAGACT,RMP-1,CD62P_(P-selectin)_TotalA,Selp
566,CD301b,Mouse,CTTGCCTTGCGATTT,URA-1,CD301b_TotalA,Mgl2
426,CD192 (CCR2),Mouse,AGTGCGATCTGCAAC,SA203G11,CD192_(CCR2)_TotalA,Ccr2
595,CD11a,Mouse,AGAGTCTCCCTTTAG,M17/4,CD11a_TotalA,Itgal
415,P2RY12,Mouse,TTGCTTATTTCCGCA,S16007D,P2RY12_TotalA,P2ry12
442,Notch 1,Mouse,TCCGGTCACTCAGTA,HMN1-12,Notch_1_TotalA,Notch1
450,IgM,Mouse,AGCTACGCATTCAAT,RMM-1,IgM_TotalA,Ighm
201,CD103,Mouse,TTCATTAGCCCGCTG,2.00E+07,CD103_TotalA,Itgae
192,CD20,Mouse,TCCACTCCCTGTATA,SA275A11,CD20_TotalA,Ms4a1
564,Folate Receptor b (FR-b),Mouse,CTCAGATGCCCTTTA,10/FR2,Folate_Receptor_b_(FR-b)_TotalA,Folr2
567,Tim-4,Mouse,TGCTGGAGGGTATTC,RMT4-54,Tim-4_TotalA,Timd4
441,CD71,Mouse,ACCGACCAGTAGACA,RI7217,CD71_TotalA,Tfrc
443,CD41,Mouse,ACTTGGATGGACACT,MWReg30,CD41_TotalA,Itga2b
444,CXCR4,Mouse,GTCGTGGTGTTGTTC,L276F12,CXCR4_TotalA,Cxcr4
439,CD201 (EPCR),Mouse,TATGATCTGCCCTTG,RCR-16,CD201_(EPCR)_TotalA,Procr
210,TCR Vg3,Mouse,TCGTGGTCCCTTTCT,536,TCR_Vg3_TotalA,Tcrg-V3
173,CD206 (MMR),Mouse,TCAACTCGGTGTTGC,C068C2,CD206_(MMR)_TotalA,Mrc1
190,"CD274 (B7-H1, PD-L1)",Mouse,TCGATTCCACCAACT,MIH6,CD274_(B7-H1_PD-L1)_TotalA,Cd274
422,CD172a (SIRPa),Mouse,GATTCCCTTGTAGCA,P84,CD172a_(SIRPa)_TotalA,Sirpa
171,CD278 (ICOS),"Human, Mouse",CGCGCACCCATTAAA,C398.4A,CD278_(ICOS)_TotalA,Icos
4,CD279 (PD-1),Mouse,GAAAGTCAAAGCACT,RMP1-30,CD279_(PD-1)_TotalA,Pdcd1
195,CD134 (OX-40),Mouse,CTCACCTACCTATGG,OX-86,CD134_(OX-40)_TotalA,Tnfrsf4
378,CD223 (LAG-3),Mouse,ATTCCGTCCCTAAGG,C9B7W,CD223_(LAG-3)_TotalA,Lag3
184,CD335 (NKp46),Mouse,CCCTTTCACCTCGAA,29A1.4,CD335_(NKp46)_TotalA,Ncr1
440,CD169/Siglec-1,Mouse,ATTGACGACAGTCAT,3D6.112,CD169_Siglec-1_TotalA,Siglec1
416,CD300LG (Nepmucin),Mouse,CGGTCCGTATCATTT,ZAQ5,CD300LG_(Nepmucin)_TotalA,Cd300lg
573,CD140a,Mouse,GTCATTGCGGTCCTA,APA5,CD140a_TotalA,Pdgfra
227,CD122 (IL-2Rb),Mouse,GGTATGCGACACTTA,5H4,CD122_(IL-2Rb)_TotalA,Il2rb
204,CD28,Mouse,ATTAAGAGCGTGTTG,37.51,CD28_TotalA,Cd28
377,CD197 (CCR7),Mouse,TTATTAACAGCCCAC,4B12,CD197_(CCR7)_TotalA,Ccr7
565,MERTK (Mer),Mouse,AGTAGAGCAACTCGT,2B10C42,MERTK_(Mer)_TotalA,Mertk
301,CD45,Mouse,ACCCACCAGTAAGAC,30-F11,Hashtag1_CD45_TotalA,Ptprc
302,CD45,Mouse,GGTCGAGAGCATTCA,30-F11,Hashtag2_CD45_TotalA,Ptprc
303,CD45,Mouse,CTTGCCGCATGTCAT,30-F11,Hashtag3_CD45_TotalA,Ptprc
